<!-- Licensed to the Apache Software Foundation (ASF) under one or more contributor
    license agreements. See the NOTICE file distributed with this work for additional
    information regarding copyright ownership. The ASF licenses this file to
    you under the Apache License, Version 2.0 (the "License"); you may not use
    this file except in compliance with the License. You may obtain a copy of
    the License at http://www.apache.org/licenses/LICENSE-2.0 Unless required
    by applicable law or agreed to in writing, software distributed under the
    License is distributed on an "AS IS" BASIS, WITHOUT WARRANTIES OR CONDITIONS
    OF ANY KIND, either express or implied. See the License for the specific
    language governing permissions and limitations under the License. -->

<ui:UiBinder xmlns:ui='urn:ui:com.google.gwt.uibinder'
    xmlns:g='urn:import:com.google.gwt.user.client.ui'>
    <g:DockLayoutPanel unit="PX" ui:field="thisPanel">
        <g:west size="718">
            <g:SimplePanel ui:field="toolBarContainer" />
        </g:west>
        <g:center>
            <g:SimplePanel ui:field="composeToolBarContainer" />
        </g:center>
        <g:east size="210">
            <g:SimplePanel ui:field="searchBoxContainer">
            </g:SimplePanel>
        </g:east>
    </g:DockLayoutPanel>
</ui:UiBinder>