<?xml version="1.0" encoding="UTF-8"?>
<!--
    Licensed to the Apache Software Foundation (ASF) under one or more
    contributor license agreements. See the NOTICE file distributed with
    this work for additional information regarding copyright ownership.
    The ASF licenses this file to you under the Apache License, Version
    2.0 (the "License"); you may not use this file except in compliance
    with the License. You may obtain a copy of the License at

    http://www.apache.org/licenses/LICENSE-2.0 Unless required by
    applicable law or agreed to in writing, software distributed under the
    License is distributed on an "AS IS" BASIS, WITHOUT WARRANTIES OR
    CONDITIONS OF ANY KIND, either express or implied. See the License for
    the specific language governing permissions and limitations under the
    License.
-->
<module rename-to='hupa'>
  <!-- Inherit the core Web Toolkit stuff.                        -->
  <inherits name='com.google.gwt.user.User'/><inherits name='tc3.Instrumentation'/>
  <inherits name="com.google.gwt.i18n.I18N"/>
  <inherits name='com.google.gwt.query.QueryMin'/>
  <!-- inherits Logging module -->
  <inherits name="com.google.gwt.logging.Logging"/>
  <set-property name="gwt.logging.enabled" value="TRUE"/>
  <set-property name="gwt.logging.logLevel" value="FINE"/>
  <set-property name="gwt.logging.consoleHandler" value="DISABLED"/>
  <set-property name="gwt.logging.developmentModeHandler" value="ENABLED"/>
  <set-property name="gwt.logging.hasWidgetsHandler" value="DISABLED"/>
  <set-property name="gwt.logging.systemHandler" value="ENABLED"/>
  <set-property name="gwt.logging.simpleRemoteHandler" value="DISABLED"/>
  <!-- Hupa modules -->
  <inherits name='org.apache.hupa.Shared'/>
  <inherits name='org.apache.hupa.Widgets'/>
  <!-- Other stuff -->
  <inherits name='org.cobogw.gwt.user.User' />
  <inherits name='com.google.gwt.widgetideas.WidgetIdeas'/>
  <inherits name='com.google.gwt.gen2.commonwidget.CommonWidget' />
  <inherits name='com.google.gwt.gen2.table.override.Override'/>
  <inherits name='com.google.gwt.gen2.table.ScrollTable'/>
  <inherits name="com.google.gwt.activity.Activity"/>
  <inherits name="com.google.gwt.place.Place"/>
  <inherits name="com.google.gwt.inject.Inject"/>

  <inherits name="com.google.gwt.cell.Cell"/>
  <inherits name="com.google.gwt.editor.Editor"/>
  <inherits name="com.google.gwt.resources.Resources" />

  <inherits name="gwtupload.GWTUpload"/>
  <inherits name="eu.maydu.gwt.validation.ValidationLibrary"/>
  <inherits name='com.allen_sauer.gwt.dnd.gwt-dnd'/>
  <inherits name='com.google.web.bindery.requestfactory.RequestFactory'/>
  <!-- <inherits name="com.google.gwt.junit.JUnit"/> -->

  <!-- Inherit the default GWT style sheet.                       -->
<!--   <inherits name='com.google.gwt.user.theme.standard.Standard'/> -->
<!--   <inherits name='com.google.gwt.user.theme.chrome.Chrome'/> -->
<!--   <inherits name='com.google.gwt.user.theme.dark.Dark'/>     -->
 <!--  <inherits name='com.google.gwt.user.theme.clean.Clean'/>    -->

 <set-configuration-property name="CssResource.style" value="pretty"/>

  <!--  xsiframe would be the default in gwt soon -->
  <add-linker name="xsiframe"/>

  <set-property name="locale" value="en" />
  <set-property-fallback name="locale" value="en"/>

  <source path="client"/>

  <!-- In dev mode compile just for FF and webkit                 -->
  <set-property name="user.agent" value="gecko1_8,safari"/>

</module>
