<?xml version="1.0" encoding="ISO-8859-1"?>
<!--
    Licensed to the Apache Software Foundation (ASF) under one
    or more contributor license agreements. See the NOTICE file
    distributed with this work for additional information
    regarding copyright ownership. The ASF licenses this file
    to you under the Apache License, Version 2.0 (the
    "License"); you may not use this file except in compliance
    with the License. You may obtain a copy of the License at

    http://www.apache.org/licenses/LICENSE-2.0

    Unless required by applicable law or agreed to in writing,
    software distributed under the License is distributed on an
    "AS IS" BASIS, WITHOUT WARRANTIES OR CONDITIONS OF ANY
    KIND, either express or implied. See the License for the
    specific language governing permissions and limitations
    under the License.
-->
<project name="Hupa">

    <bannerLeft>
        <name>James Hupa</name>
        <src>images/logos/james-hupa-logo.gif</src>
        <href>http://james.apache.org/hupa/index.html</href>
        <alt>james-hupa-logo.gif</alt>
    </bannerLeft>

    <body>

        <menu name="Hupa">
            <item name="Overview" href="/index.html" />
            <item name="Screenshots" href="/screenshots.html" />
            <item name="Configuration" href="/configuration.html" />
            <item name="FAQs" href="/faq.html" />
        </menu>
        <menu name="Get Involved" inherit="top">
            <item name="Setup" href="/environment.html" />
            <item name="Building" href="/building.html" />
        </menu>

        <menu name="Project">
            <item name="Issue Tracker" href="https://issues.apache.org/jira/browse/HUPA" />
            <item name="Source Code" href="/source-repository.html" />
            <item name="Javadoc" href="/javadoc.html" />
            <item name="Who We Are" href="/team-list.html" />
            <!-- Not yet there
                <item name="Contributing" href="contribute.html"/>
            -->
            <item name="License" href="/license.html" />
        </menu>

    </body>
</project>
