<?xml version="1.0" encoding="ISO-8859-1"?>
<!--
    Licensed to the Apache Software Foundation (ASF) under one or more
    contributor license agreements. See the NOTICE file distributed with this
    work for additional information regarding copyright ownership. The ASF
    licenses this file to you under the Apache License, Version 2.0 (the
    "License"); you may not use this file except in compliance with the License.
    You may obtain a copy of the License at

    http://www.apache.org/licenses/LICENSE-2.0 Unless required by applicable law
    or agreed to in writing, software distributed under the License is
    distributed on an "AS IS" BASIS, WITHOUT WARRANTIES OR CONDITIONS OF ANY
    KIND, either express or implied. See the License for the specific language
    governing permissions and limitations under the License.
-->
<document>
    <properties>
        <title>JavaDoc</title>
        <author email="server-dev@james.apache.org">James Hupa Project Team</author>
    </properties>
    <body>
        <section name="Source Documentation">
           <iframe src="apidocs/index.html" style="width: 100%; height: 750px; border: 1px dotted #3366AA" />
        </section>
    </body>
</document>
