<?xml version="1.0" encoding="ISO-8859-1"?>
<!--
    Licensed to the Apache Software Foundation (ASF) under one or more
    contributor license agreements. See the NOTICE file distributed with this
    work for additional information regarding copyright ownership. The ASF
    licenses this file to you under the Apache License, Version 2.0 (the
    "License"); you may not use this file except in compliance with the License.
    You may obtain a copy of the License at

    http://www.apache.org/licenses/LICENSE-2.0 Unless required by applicable law
    or agreed to in writing, software distributed under the License is
    distributed on an "AS IS" BASIS, WITHOUT WARRANTIES OR CONDITIONS OF ANY
    KIND, either express or implied. See the License for the specific language
    governing permissions and limitations under the License.
-->
<document>
    <properties>
        <title>Hupa GWT Webmail Screenshots</title>
        <author email="server-dev@james.apache.org">James Hupa Project Team</author>
    </properties>
    <body>
        <section name="So you want to see how it looks like?">
            <p>Ok, here we are. The login form on the dev build 2012.04.20</p>
            <img src="images/ss/hupa-login.png" width="650px"/>
            <p>The main message browsing interface, also from 2012.04.20 build.</p>
            <img src="images/ss/hupa-main.png" width="650px"/>
            <p>The message composing editor, from 2012.04.20 build.</p>
            <img src="images/ss/hupa-new.png" width="650px"/>
        </section>
    </body>
</document>
