<?xml version="1.0"?>
<!--
  Licensed to the Apache Software Foundation (ASF) under one
  or more contributor license agreements.  See the NOTICE file
  distributed with this work for additional information
  regarding copyright ownership.  The ASF licenses this file
  to you under the Apache License, Version 2.0 (the
  "License"); you may not use this file except in compliance
  with the License.  You may obtain a copy of the License at

    http://www.apache.org/licenses/LICENSE-2.0

  Unless required by applicable law or agreed to in writing,
  software distributed under the License is distributed on an
  "AS IS" BASIS, WITHOUT WARRANTIES OR CONDITIONS OF ANY
  KIND, either express or implied.  See the License for the
  specific language governing permissions and limitations
  under the License.
-->
<document>

  <properties>
     <title>Source Code</title>
  </properties>

<body>

  <section name="Get Source Code">
    <subsection name="Anonymous Access">
      <p>The source can be checked out anonymously from SVN with the following command.</p>
      <p><code>$ svn checkout http://svn.apache.org/repos/asf/james/hupa/trunk hupa</code></p>
    </subsection>
    <subsection name="Developer Access">
      <p>Everyone can access the Subversion repository via HTTP, but Committers must checkout the Subversion repository via HTTPS.</p>
      <p><code>$ svn checkout https://svn.apache.org/repos/asf/james/hupa/trunk hupa</code></p>
    </subsection>
  </section>

</body>

</document>
